name,snid_z,snid_z_std
1997dt,0.0042,0.0036
2023gfx,0.0422,0.0039
PTF11kjl,0.1257,0.007
iPTF13ayw,0.0523,0.0033
2022adwc,0.1214,0.0024
LSQ12gxj,0.0359,0.0049
2021uiq,0.1252,0.0
PTF09gon,0.063,0.0056
PS1-14oo,0.0509,0.0059
LSQ14nr,0.0903,0.0044
PTF11ghq,0.1713,0.0059
OGLE-2014-SN-204,0.1094,0.0055
OGLE-2013-SN-080,0.1023,0.0012
1999ek,0.0235,0.0055
MLS140220-101406+064031,0.0707,0.0063
2006np,0.1102,0.0061
2000dm,0.0181,0.0037
PTF09csj,0.0877,0.0032
iPTF14bcu,0.1787,0.0045
iPTF15dql,0.1361,0.0047
PTF10qsc,0.0883,0.0051
2005bm,0.1062,0.0046
2006le,0.0177,0.0044
PTF10qhp,0.0302,0.0018
2003lc,0.0416,0.0064
iPTF13arm,0.25,0.0056
iPTF13akc,0.0231,0.0043
2003lj,0.4192,0.0009
1995D,0.0083,0.0023
PTF10jur,0.1985,0.0042
PTF10guz,0.1884,0.0049
ASASSN-14lp,-0.0028,0.0069
PTF10goq,0.0933,0.0056
PTF12fut,0.0891,0.0052
PTF10zcd,0.1307,0.0064
PTF10trs,0.0692,0.0023
2006kc,0.2121,0.0056
iPTF14hup,0.0807,0.0053
2006ax,0.0102,0.0082
PTF10trr,0.1204,0.0051
PTF09gnm,0.0967,0.0074
PTF10qyn,0.0186,0.0027
PTF10urn,0.1113,0.0044
2004fu,0.0098,0.0045
LSQ12eve,0.1053,0.0052
2007nk,0.2134,0.0039
2001ib,0.0238,0.0034
iPTF14gxf,0.143,0.005
2017X,0.0661,0.0031
LSQ12gdj,0.0278,0.0017
2007fs,0.0183,0.0036
2005de,0.0169,0.0039
LSQ13dkp,0.0739,0.0046
2003fh,0.2447,0.0037
2009ab,0.0011,0.0038
PTF09uv,0.1544,0.0025
OGLE15qk,0.0625,0.0014
2019ur,0.0479,0.0046
PTF12mbp,0.1382,0.0049
SNLS-06D1ix,0.6518,0.0012
PTF12asw,0.1284,0.0053
LSQ12hxt,0.1232,0.003
iPTF15vw,0.0611,0.0062
CSS131210-043252+304855,0.0514,0.0014
SMTJ13545988-2820020,0.042,0.0046
PTF11glq,0.1596,0.0075
PTF12gui,0.0942,0.0038
2019vrq,0.0005,0.0017
PTF11mfy,0.0646,0.001
ASASSN-14dz,0.0194,0.0027
2006me,0.3034,0.0044
2023gps,0.0274,0.0093
OGLE-2014-SN-186,0.0743,0.0034
2006mf,0.186,0.0071
1999cl,0.002,0.0055
iPTF13adw,0.0979,0.0068
2002dp,0.0143,0.0031
2003fg,0.2599,0.0063
PTF12abl,0.1328,0.0055
2007rn,0.2646,0.0053
SNLS-05D2nt,0.7534,0.0096
PTF10tum,0.0643,0.0044
PTF11czz,0.0979,0.0075
PS15aw,0.0884,0.0046
2020zjf,0.0815,0.0025
2006cs,0.0275,0.0043
PTF11qvh,0.1396,0.0063
2003kk,0.1623,0.0064
SNLS-07D2ae,0.4986,0.0077
2007cp,0.0387,0.0056
PTF12elj,0.143,0.0041
OGLE-2013-SN-118,0.0741,0.0037
PTF09dqt,0.1123,0.0042
CSS133640m215116,0.116,0.0062
PTF10xfn,0.0859,0.0071
OGLE-2013-SN-096,0.1059,0.0068
SNLS-07D4ed,0.5199,0.0079
PTF10lif,0.0445,0.0045
2008ia,0.0274,0.0054
2006kq,0.7134,0.0047
2008ei,0.0315,0.0037
SNLS-06D3gh,0.7005,0.0054
SNLS-06D2bo,0.8256,0.0017
LSQ14foj,0.0302,0.0019
SMT-DWF16bc,0.0558,0.003
SNLS-04D3fk,0.3517,0.006
PTF10fxu,0.1149,0.001
2008hv,0.0023,0.0042
2021abbl,0.1129,0.0
2002dl,0.0139,0.003
iPTF15awr,0.0492,0.0026
2002ha,0.015,0.0027
PTF12klx,0.1079,0.0029
iPTF15doo,0.0976,0.0039
SNLS-06D1gl,0.5513,0.0078
2005cg,0.0309,0.0034
OGLE-2013-SN-098,0.0625,0.004
PTF10hrw,0.0461,0.0019
PTF10hoz,0.0635,0.0037
iPTF15cma,0.0872,0.0052
iPTF15th,0.1016,0.0039
PTF11lmz,0.0611,0.0071
PTF12gdq,0.0387,0.0058
2008Q,0.0073,0.0037
PTF10qok,0.0775,0.0032
SNLS-06D2js,0.6052,0.0038
2019ybv,0.0367,0.0053
2007af,0.0073,0.0052
2005kc,0.0014,0.0
2020cud,0.0424,0.0028
PTF12lcq,0.1666,0.0052
ASASSN-15fr,0.0373,0.0052
SNLS-08D2iq,0.6992,0.0059
PTF09bau,0.0641,0.0014
2006so,0.2636,0.0044
2002ja,0.3306,0.0035
2005am,0.01,0.0046
2007as,-0.0049,0.0043
PTF10uca,0.1985,0.0041
PS15dlq,0.1888,0.0022
PTF10ppi,0.1654,0.0043
1998dk,0.0071,0.0055
SDSS-SN-072,0.0788,0.0027
LSQ14efn,0.0446,0.0035
LSQ14act,0.0606,0.0023
PTF10cq,0.0941,0.0064
PTF10ubc,0.1089,0.009
PTF10umy,0.0725,0.0065
LSQ14few,0.0645,0.0017
iPTF14iit,0.0969,0.0036
2002jy,0.0196,0.0032
LSQ13dhs,0.131,0.0054
SNHunt144,0.0256,0.0031
PTF11nga,0.0949,0.0056
2007jh,0.0459,0.0037
PTF12bvz,0.1803,0.0065
1999cf,0.0284,0.0059
ASASSN-15fa,0.0266,0.0018
iPTF15dqf,0.0689,0.0043
2003hz,0.0258,0.0058
2005ag,0.0511,0.0356
PTF10xij,0.1119,0.006
SDSS-SN-068,0.0803,0.0013
OGLE-2014-SN-078,0.0915,0.0041
2019dks,0.051,0.0
PTF12hmx,0.0907,0.0037
OGLE-2014-SN-188,0.0636,0.0051
PTF10accm,0.1306,0.0062
iPTF15dhn,0.1497,0.0059
PTF09bck,0.0965,0.0027
2006mb,0.3287,0.0012
LSQ12hlz,0.1005,0.0042
PTF11rpj,0.0674,0.0046
2003aa,0.0139,0.0033
PTF12dlz,0.0349,0.0046
PS15p,0.0317,0.0037
PTF12irx,0.1281,0.0055
LSQ14bcj,0.0273,0.0043
PTF11owc,0.0679,0.0063
2007bm,0.0063,0.0044
PS1-14on,0.0656,0.0042
iPTF15xi,0.0439,0.0028
2003jt,0.4334,0.0071
iPTF13ani,0.1334,0.0095
PTF10gwp,0.1701,0.0051
PTF12guy,0.1507,0.0067
1998cs,0.0318,0.0092
2004S,0.0155,0.0066
2006qm,0.1406,0.002
PTF09itz,0.1239,0.0082
PTF11kaw,0.0821,0.0033
LSQ14gcj,0.0402,0.0055
PTF10pdf,0.0699,0.0074
PTF11jar,0.1145,0.0035
SNLS-08D2ad,0.5614,0.0095
2009bc,0.1239,0.0068
2002bo,-0.0024,0.0048
ASASSN-15he,0.0178,0.003
SNF20080522-000,0.0622,0.0458
PTF10stw,0.046,0.0058
LSQ12elk,0.1304,0.005
2001iq,0.0176,0.0041
2007au,0.0253,0.006
2005ej,0.0425,0.0046
SNLS-07D2du,0.5504,0.0063
2020zbg,0.1024,0.003
2006az,0.0361,0.0049
1997bp,-0.0005,0.0045
2005ch,0.0278,0.0039
PTF10yyt,0.0398,0.0045
ASASSN-15tj,0.0133,0.0077
PTF12mpc,0.1351,0.0037
2008ar,0.026,0.0118
SNHiTS15I,0.152,0.0052
2004bw,0.0184,0.0037
iPTF14bdn,0.0589,0.061
PTF12ibd,0.1205,0.0019
PTF10gtq,0.1927,0.0028
LSQ12fwt,0.1362,0.0056
PTF10cwy,0.0687,0.0035
1999fw,0.2854,0.0067
LSQ12gkx,0.2572,0.0003
iPTF13dwk,0.2699,0.0045
iPTF13dym,0.0443,0.0051
PTF11lnb,0.1485,0.0048
SNLS-06D2ag,0.3098,0.0049
iPTF14bdd,0.151,0.005
PTF11wv,0.0912,0.0015
SNLS-06D4gs,0.3103,0.0054
2006fc,0.1258,0.0064
PTF12egr,0.1344,0.0064
2008dx,0.0259,0.0017
SNLS-06D1bt,0.8072,0.0046
PTF10opn,0.1483,0.0083
PTF11eot,0.0917,0.0058
SNLS-07D3ib,0.6749,0.0002
2003kt,0.617,0.0053
LSQ13czi,0.1136,0.0057
SNLS-04D3mk,0.5933,0.0084
1572A,0.0059,0.0051
1998es,0.0686,0.0683
1999aa,0.0777,0.0714
PTF12kxp,0.1506,0.0042
OGLE-2014-SN-021,0.0416,0.0068
PTF11bmc,0.1332,0.006
2021itp,0.0906,0.0
PTF10clw,0.1182,0.0043
2021qua,0.0696,0.0035
SNLS-05D1iy,0.2466,0.0054
1997E,0.0162,0.0044
2000ey,0.0213,0.0086
PTF09akb,0.0555,0.0045
2006sn,0.4212,0.0005
2008hq,0.0813,0.0082
2003kc,0.0297,0.0065
iPTF13adc,0.0802,0.0084
2007fr,0.054,0.005
PTF10hcu,0.0939,0.0051
2006mr,0.0,0.0021
PTF10jko,0.1264,0.0057
SNLS-03D3ay,0.3777,0.005
2004bg,0.0245,0.0049
SDSS-SN-117,0.1175,0.0013
2003jo,0.528,0.0041
PTF10ykf,0.1503,0.0043
PTF09uu,0.1588,0.0025
2000dk,0.0225,0.0057
SNLS-07D3hu,0.584,0.004
LSQ13cex,0.0792,0.0007
2020win,0.1442,0.001
SNLS-07D3do,0.7795,0.0039
PTF12gmu,0.1253,0.0074
LSQ14am,0.0995,0.0043
2008bt,0.0181,0.0023
PTF11paw,0.1929,0.0016
SNLS-07D4dq,0.5642,0.0109
iPTF13aol,0.1203,0.0013
2019tjm,0.0342,0.0024
2008L,0.024,0.0048
PTF11ppn,0.0836,0.0075
PTF12gnw,0.1071,0.0041
2006lf,0.0156,0.0047
2007ty,0.7495,0.0012
PTF12fkk,0.0506,0.006
2006dv,0.0355,0.0043
PS15bom,0.0244,0.0042
PTF10ucv,0.2331,0.0069
2006jy,0.1992,0.0033
2003kr,0.4154,0.0063
ASASSN-15kx,0.0175,0.0031
PTF10goo,0.0897,0.0054
2007oo,0.0294,0.0051
LSQ14mc,0.0598,0.0046
PTF10fej,0.1112,0.0062
iPTF15crv,0.146,0.0044
PTF11dll,0.1571,0.0068
PTF12ikt,0.0469,0.0035
PTF09gqo,0.0391,0.0017
SSS130304-114144-171349,0.0457,0.0025
OGLE-2012-SN-032,0.0632,0.0024
LSQ15gv,0.1213,0.005
PTF12gix,0.1156,0.0074
PTF10xtp,0.1045,0.0027
2021fzq,0.1123,0.0055
1998dh,0.0053,0.0031
iPTF14axv,0.0879,0.0021
OGLE-2015-SN-017,0.0942,0.0062
ASASSN-15cb,0.048,0.0051
PTF09wn,0.1424,0.0066
PTF12ejg,0.1641,0.0056
PTF10vty,0.0787,0.0019
LSQ14qz,0.1043,0.0029
2014dl,0.1784,0.0048
OGLE-2013-SN-126,0.0607,0.003
2000fa,0.0169,0.0048
CSS151109-101502+074830,0.0291,0.0044
PTF11xe,0.1421,0.0058
MASTERJ110457.10+300122.0,0.0306,0.0009
2006rz,0.0311,0.0013
PTF12elc,0.1158,0.0054
1994D,0.003,0.0057
2004ab,0.0123,0.0066
PTF10yzu,0.1055,0.0044
iPTF13ajv,0.0888,0.0041
2001da,0.0213,0.006
LSQ14fep,0.0606,0.0033
2002eb,0.0288,0.0035
PTF11jgq,0.14,0.0056
PTF12mdr,0.1107,0.0043
PTF12ivi,0.1576,0.0035
2006lu,0.0121,0.005
PTF12fuu,0.0402,0.008
LSQ13doj,0.0593,0.0019
2008bf,0.0087,0.0125
PTF10qqw,0.1188,0.0083
1996bl,0.0303,0.0017
OGLE17ojj,0.5614,0.003
PS1-14lz,0.0755,0.0054
2007rf,0.2918,0.0049
PTF11arg,0.1095,0.0043
1999Q,0.4637,0.007
2003kp,0.6422,0.0087
SNLS-08D3dc,0.7908,0.0039
PTF11ai,0.0978,0.0056
iPTF15fy,0.0852,0.0033
2006bu,0.0815,0.0042
PTF10gtf,0.1018,0.0059
PTF10cod,0.1211,0.0027
ASASSN-14jg,0.0158,0.0057
2006dh,0.0587,0.0035
PTF10rct,0.0743,0.0034
OGLE16fsn,0.0832,0.0038
PS15cwz,0.0454,0.0048
2000dn,0.0353,0.0032
PTF09fqj,0.0903,0.0036
PTF12gwj,0.1909,0.0054
iPTF15acc,0.1427,0.0053
2004av,0.0292,0.0036
PTF10trw,0.1727,0.0049
2006po,0.1797,0.0085
PTF11dwn,0.1792,0.003
ASASSN-15ol,0.0204,0.0021
PTF11kkd,0.0815,0.0028
2008dt,0.0347,0.0039
PTF11rkd,0.1431,0.0074
PTF10bym,0.1385,0.0037
PS15ctg,0.0786,0.0056
1997fc,0.0583,0.0021
PTF10nyt,0.1112,0.0054
LSQ12cdl,0.1116,0.0056
PTF10wov,0.0989,0.0051
iPTF15biw,0.2167,0.0046
LSQ14hw,0.0952,0.005
OGLE-2015-SN-021,0.0866,0.0052
OGLE-2013-SN-075,0.0824,0.0047
PTF10vye,0.0425,0.0034
2002hd,0.0364,0.0049
PTF10zba,0.1532,0.0023
1960F,0.0222,0.0
PTF11qmn,0.0823,0.004
iPTF14fyn,0.183,0.0024
2006cj,0.0673,0.0048
2005ki,0.0173,0.0109
2019fmr,0.0229,0.0015
2021msd,0.0236,0.0
2003kn,0.2384,0.0059
OGLE-2014-SN-210,0.0819,0.0056
2006ev,0.0343,0.0064
2009bd,0.1512,0.0045
PTF12lva,0.0959,0.0037
PTF09fox,0.0689,0.0047
PTF10qkf,0.0835,0.0036
2005na,0.0279,0.0023
PTF11gcc,0.0856,0.0107
PTF10gtk,0.122,0.0038
2008dh,0.0393,0.001
PTF09hfl,0.1817,0.0027
2019ilq,0.0504,0.0035
2008bg,0.0639,0.0008
PTF10ums,0.1936,0.0
ASASSN-15cq,0.0256,0.0008
2007jk,0.182,0.0063
PTF12mez,0.1141,0.0018
LSQ14abd,0.0983,0.0049
PTF11bjk,0.1454,0.0051
iPTF15bje,0.1542,0.005
iPTF14axo,0.0268,0.0047
LSQ13dpm,0.0493,0.0039
2003iv,0.0391,0.0044
2006af,0.0875,0.0032
2004as,0.031,0.0065
PS15dmp,0.1358,0.0038
LSQ13dhj,0.0768,0.0045
2008Z,0.0197,0.005
MASTERJ033333.26-623314.7,0.0246,0.0021
LSQ12gki,0.1266,0.0057
2006sd,0.2791,0.0039
PTF11qpg,0.0856,0.0047
OGLE-2013-SN-099,0.0286,0.0054
iPTF15aip,0.1167,0.0031
LSQ13dby,0.1071,0.0053
ESSENCEp444,0.837,0.0
LSQ16ar,0.0735,0.0035
PTF11aqu,0.0446,0.002
PTF10gmg,0.0581,0.0045
SDSS-SN-032,0.1126,0.005
ASASSN-15as,0.0306,0.0046
ASASSN-14jz,0.0176,0.0026
iPTF14jfu,0.1188,0.006
2007tt,0.3688,0.0078
PTF12rz,0.1242,0.0062
2018bdg,0.0846,0.0033
CSS131224-020446-000718,0.0831,0.004
2007jl,0.2583,0.0057
PTF10gjx,0.0689,0.0029
LSQ12bov,0.0645,0.005
PTF10nvh,0.0674,0.0034
iPTF13dkx,0.1621,0.0058
2006is,-0.0018,0.0048
PTF09fpy,0.155,0.0066
PTF11jba,0.1818,0.0059
iPTF15cji,0.075,0.0039
SNLS-05D4hn,0.825,0.0007
PTF10xyl,0.0649,0.0038
2007ud,0.5883,0.0045
PTF11egb,0.1438,0.0058
PTF12dst,0.1963,0.0027
2006hb,0.0176,0.0083
2001es,0.2592,0.0063
SDSS-SN-105,0.1253,0.0046
SNLS-05D4gw,0.8033,0.0071
PTF12jmq,0.1781,0.0059
PTF12mby,0.1546,0.0057
2002bf,0.0199,0.0037
2006pk,0.2524,0.0047
2005dv,0.0061,0.0038
PTF10xwg,0.2509,0.0064
PTF10jkh,0.0431,0.0023
LSQ14xm,0.1585,0.0052
PTF11pdk,0.0919,0.0062
2019brc,0.0741,0.0035
2016H,0.0471,0.0012
OGLE15fy,0.1213,0.0062
PTF10abjv,0.0757,0.0051
PTF09bdb,0.0263,0.0028
2018jao,0.0216,0.0023
PTF10aagd,0.114,0.0049
SNLS-08D3gb,0.1689,0.0024
2006fx,0.2295,0.0087
PTF09dih,0.1151,0.0052
iPTF13ekv,0.111,0.0025
iPTF14ikw,0.1832,0.0
PTF12lee,0.096,0.0042
2006pl,0.2133,0.0033
SNLS-07D1by,0.7421,0.0093
LSQ12hon,0.1854,0.0012
PTF09dza,0.0967,0.005
PTF10xmc,0.0962,0.0061
PTF10xvh,0.1096,0.0067
SMTJ0545-4735,0.0533,0.002
PTF12grk,0.0592,0.0075
1999da,0.0156,0.0078
PTF10qwg,0.0638,0.005
2022xgm,0.1213,0.0025
LSQ14fik,0.1548,0.0072
PTF11drz,0.0559,0.0054
LSQ12fxd,0.0302,0.0057
SNLS-07D4ei,0.3593,0.0037
2001bf,0.0224,0.0046
2007B,0.0206,0.0036
PTF10cwm,0.0792,0.0014
OGLE16esg,0.1537,0.0059
2001el,0.0048,0.0047
PTF10zgy,0.0459,0.0064
LSQ14aga,0.135,0.0037
2001E,0.0097,0.0016
2006tp,0.7204,0.0043
LSQ14age,0.066,0.0032
2001V,0.1009,0.0694
2007ae,0.0647,0.0047
1996ca,0.0172,0.0036
iPTF13dvq,0.1256,0.004
iPTF13anh,0.063,0.0031
2000dg,0.0408,0.0048
PTF10fj,0.05,0.002
LSQ14een,0.1436,0.0041
PTF10iye,0.1916,0.0026
2007nq,0.0038,0.0048
OGLE16fgn,0.0761,0.0045
MASTERJ003918.04+035659.6,0.0142,0.0034
PTF11oyn,0.1183,0.0044
SNF20080623-001,0.0457,0.0024
2018giq,0.0757,0.0032
SNLS-07D2bd,0.5731,0.0076
OGLE-2012-SN-049,0.071,0.0054
PTF09dip,0.138,0.0018
2005W,0.0098,0.0021
2016iyv,0.028,0.0033
PTF12yc,0.1719,0.0024
SDSS-SN-030,0.1263,0.0011
PTF12dyr,0.1438,0.0048
2002cr,0.0123,0.0044
iPTF15erb,0.1119,0.0032
PS1-14rx,0.0614,0.0037
2007bc,0.0156,0.0118
1993ac,0.0524,0.0047
2003kd,0.0306,0.0032
2008gl,-0.0025,0.002
PTF10duy,0.0825,0.0034
PTF10xyt,0.0447,0.0056
SDSS-SN-066,0.1261,0.0049
PTF11vl,0.0456,0.0043
2004bl,0.0182,0.0033
2001N,0.0214,0.0036
iPTF14jfw,0.0341,0.002
LSQ14ko,0.0736,0.0049
OGLE16dco,0.0695,0.007
gaia15aby,0.0787,0.0038
2018bie,0.0137,0.0033
LSQ13cpk,0.0324,0.0011
PTF11hub,0.0227,0.0075
LSQ14tc,0.0494,0.0023
SNhunt263,0.0322,0.0042
iPTF13dvp,0.1224,0.0032
2007ca,0.0096,0.0072
2007if,0.0866,0.0
LSQ15bbb,0.0351,0.0055
OGLE-2015-SN-060,0.0765,0.0068
PTF11jaw,0.144,0.0045
2001ep,0.0175,0.0059
PTF09dnp,0.0343,0.0031
LSQ12fmd,0.1147,0.0073
ESSENCEp534,0.6062,0.006
2003ic,0.0496,0.0014
ESSENCEp455,0.2846,0.0061
LSQ14eet,0.1218,0.0043
PTF11bgv,0.0353,0.0025
2007lr,0.1594,0.0025
2000dp,0.0356,0.0039
LSQ12bpo,0.1287,0.0068
ESSENCEn263,0.3689,0.0046
2006cm,0.0241,0.0371
2022fbt,0.0978,0.0
1990N,0.0046,0.0031
PTF12mgm,0.0432,0.0049
PTF10opo,0.2203,0.0072
PTF09dzy,0.2085,0.005
PTF12itq,0.2248,0.0054
PS1-13dom,0.0568,0.0023
2001ex,0.0357,0.0056
2001az,0.0393,0.0029
iPTF13dzm,0.016,0.0064
MOTJ0746,0.0188,0.0047
SNLS-05D1az,0.8391,0.0085
PTF10ng,0.1808,0.0057
PTF10pvh,0.104,0.0026
SDSS-SN-075,0.1397,0.0051
iPTF13dwl,0.0881,0.0048
SDSS-SN-119,0.0534,0.0038
PTF10aaey,0.1025,0.006
PTF12kim,0.0772,0.0043
OGLE-2013-SN-124,0.1274,0.0052
ASASSN-15uv,0.017,0.0033
OGLE-2013-SN-123,0.0686,0.0051
PTF09dxo,0.0567,0.0049
2021abuz,0.0655,0.0
ASASSN-14fo,0.0232,0.0014
2003hu,0.0781,0.0031
2022ypb,0.0205,0.0032
PTF10hdn,0.0655,0.005
PTF10ucl,0.0814,0.0022
2006nz,0.0381,0.0067
1999dk,0.0064,0.0034
LSQ12euu,0.1176,0.0039
LSQ13dig,0.0794,0.0051
iPTF15bfs,0.1375,0.0057
LSQ16bu,0.0421,0.0015
PAMELA,0.1499,0.0041
PTF11dfv,0.1373,0.0043
LSQ13bdk,0.1598,0.0066
2007ol,0.0635,0.0071
2000fw,0.0969,0.0077
LSQ14eew,0.1017,0.0066
MLS140209-104850+102820,0.1441,0.0084
2007ai,0.0029,0.0052
iPTF14gwp,0.2223,0.0025
2004bc,0.0217,0.0059
2001en,0.0174,0.0057
2005lz,0.0438,0.0028
OGLE16dak,0.0684,0.0022
2006fk,0.1716,0.0035
PTF11ijp,0.1332,0.0057
2005hc,0.01,0.0212
MASTERJ162412.26+091303.0,0.0457,0.0047
2006cf,0.0453,0.0039
2007mf,0.1989,0.0047
2006cz,0.0408,0.0056
2007bd,0.0164,0.0144
2023ewr,0.0456,0.0025
1999cc,0.0335,0.0051
PTF12gqh,0.0531,0.0036
CSS130828-223849-251246,0.0721,0.0016
PTF12loq,0.108,0.0053
LSQ12cda,0.143,0.0055
PTF12mgc,0.1414,0.0035
PTF12cyd,0.1658,0.0031
SDSS-SN-061,0.1673,0.0018
ASASSN-15go,0.0126,0.0028
1998eg,0.0305,0.0053
2004ha,0.5033,0.0098
PTF11rpc,0.1445,0.0058
iPTF15bvw,0.155,0.0026
PTF12ast,0.1585,0.0056
2016hjk,0.0873,0.0045
CSS140628-233025+060302,0.0605,0.0065
PTF11atu,0.083,0.0055
2020adgf,0.0576,0.0024
CSS130307-134411+030344,0.0801,0.0046
PTF10pvi,0.0794,0.0031
1996bo,0.0148,0.0069
SNLS-06D4dh,0.307,0.0027
1998de,0.0223,0.0089
PTF10gnr,0.1004,0.0041
PTF11aad,0.1082,0.0062
PTF10qrj,0.1389,0.0051
2021wwl,0.0545,0.0057
2007tv,0.3112,0.0077
PTF10fxe,0.0901,0.003
PTF10bhw,0.1094,0.0025
PTF11cus,0.1979,0.0028
PS15ctw,0.0855,0.0027
CSS131225-052305-080228,0.0489,0.0038
2000A,0.0323,0.0021
PTF09ri,0.0834,0.0061
SNLS-08D2gw,0.7153,0.0082
PTF10czc,0.1082,0.0037
iPTF15aiq,0.1579,0.0039
SNF20080720-001,0.0181,0.0034
2006D,0.0096,0.0032
PTF10qna,0.0953,0.0036
2007pu,0.0957,0.0064
2022xgl,0.0232,0.002
2006bd,0.0026,0.0062
PTF10abwz,0.2071,0.0031
2006sr,0.0226,0.003
PTF12bod,0.0954,0.0067
PTF10uzi,0.1102,0.0029
2009bi,0.13,0.0059
2022sdb,0.0206,0.0024
iPTF13dge,0.0132,0.0071
PTF10rka,0.0731,0.0065
iPTF13dfs,0.1863,0.0024
iPTF15cvp,0.1237,0.0043
LSQ12ggq,0.1201,0.0042
2006ke,0.0195,0.0022
iPTF13adg,0.13,0.0111
LSQ13dhy,0.1956,0.0052
2019bky,0.0615,0.0043
LSQ15cs,0.1131,0.0042
PTF12ilb,0.077,0.0037
PTF10fk,0.1839,0.0034
2002ey,0.0428,0.0055
2000cf,0.047,0.0053
2006gt,0.0357,0.0214
PTF10acqp,0.1668,0.0
PTF11ivb,0.0636,0.0022
2005hk,0.244,0.148
2006dd,-0.0006,0.0012
PTF11mzs,0.1558,0.0016
ASASSN-15np,0.0419,0.0031
2003bf,0.0303,0.0034
PS15mb,0.0284,0.0021
PTF12ixq,0.13,0.0052
iPTF15dab,0.1519,0.0022
PTF10qky,0.0762,0.0066
ASASSN-15db,0.0138,0.0038
SNLS-03D1au,0.5049,0.0074
1999ce,0.0713,0.0029
2021abab,0.0708,0.001
ASASSN-14kd,0.1741,0.0105
iPTF15ht,0.1977,0.0049
OGLE-2014-SN-010,0.0836,0.0052
PTF09dlc,0.0677,0.0044
2004he,0.5946,0.005
2004ca,0.0141,0.0041
LSQ14fml,0.0787,0.0056
SNLS-05D1er,0.8642,0.003
PTF10zbf,0.1391,0.0064
iPTF13adm,0.1258,0.0078
iPTF13alf,0.0318,0.0038
LSQ13dca,0.1173,0.0068
PTF12gqk,0.1897,0.0043
PTF09isn,0.1039,0.0051
LSQ13ds,0.108,0.0019
PTF09dyg,0.1286,0.0045
2006qg,0.2196,0.0086
iPTF15ckb,0.0471,0.0068
PTF09hvs,0.1304,0.0042
2007uj,0.3044,0.0056
LSQ13bud,0.1148,0.0064
2005ke,0.0094,0.0065
2022vtq,0.0277,0.0016
2007ji,0.1857,0.0032
2006kb,0.1375,0.0045
2005di,0.0279,0.0029
2006N,0.0164,0.0045
OGLE15rc,0.0741,0.0049
2007jg,0.0007,0.0063
CSS140305-104323+013442,0.1109,0.0029
2020vfi,0.0705,0.0039
2007rx,0.0389,0.0038
2003kh,0.0379,0.0043
PTF11yp,0.133,0.0067
PTF10gxt,0.1743,0.0043
OGLE15rw,0.0761,0.0039
PTF10ops,0.0595,0.0027
SNLS-06D1dl,0.5162,0.0059
2007ci,0.0169,0.0046
PTF10hmc,0.0767,0.0051
PTF11v,0.0371,0.0032
PTF12mj,0.081,0.0065
LSQ14ae,0.1156,0.0056
ASASSN-14hr,0.0319,0.0032
2007tl,0.3746,0.005
PTF09awt,0.1876,0.0059
LSQ13bir,0.107,0.0038
OGLE-2015-SN-051,0.063,0.006
PTF10hej,0.1259,0.0038
PS15sv,0.032,0.003
PTF12exf,0.1336,0.0076
ASASSN-14hu,0.0221,0.0045
PTF12juu,0.0965,0.007
PTF10oir,0.1465,0.0071
PTF10zdk,0.0354,0.0037
PTF10pcc,0.19,0.0058
1998bn,0.005,0.0027
PTF12lih,0.0415,0.0047
iPTF15adu,0.1561,0.008
iPTF14ibp,0.0915,0.0043
LSQ14bcr,0.076,0.0054
LSQ13btl,0.1456,0.0058
2022aagc,0.0873,0.0017
PTF11klp,0.18,0.0066
2003le,0.5565,0.0033
SDSS-SN-063,0.0812,0.0044
PTF10jvy,0.1991,0.0021
2007jz,0.2251,0.0063
PTF09fov,0.0557,0.0042
2007qi,0.2899,0.0051
PTF10pcr,0.1902,0.0041
OGLE-2014-SN-135,0.0694,0.0037
LSQ14xi,0.05,0.0041
1994T,0.0363,0.0051
PTF11lms,0.1106,0.0041
LSQ12hnr,-0.0064,0.0018
2022ybv,0.0983,0.0036
iPTF15cpg,0.0809,0.0026
PTF10cza,0.1385,0.0044
2002de,0.0274,0.0045
SMT16alz,0.0718,0.0055
PTF11phm,0.1771,0.0044
1999U,0.5132,0.0073
iPTF13dfa,0.0674,0.002
LSQ12dwf,0.1211,0.0065
LSQ13dcy,0.0788,0.0041
2007sl,0.0948,0.0013
PTF10abxa,0.104,0.0012
PTF12gxk,0.1516,0.0025
2006ot,0.051,0.005
PTF10abpj,0.1472,0.0055
PTF11bgj,0.158,0.0031
LSQ12bvl,0.0634,0.0044
LSQ12bnt,0.1329,0.0052
MLS131126-024306+163425,0.073,0.0025
ASASSN-15tn,0.0302,0.0072
2005dm,0.0264,0.0084
1996C,0.029,0.003
1994S,0.0163,0.0023
LSQ14io,0.134,0.0033
OGLE16ahz,0.1113,0.0035
LSQ13bll,0.0728,0.0033
2006fb,0.2662,0.0014
2001ba,0.0306,0.0042
ASASSN-15uq,0.0208,0.0027
PTF10rks,0.0606,0.005
2006pn,0.1395,0.0047
iPTF14ibo,0.0831,0.001
PTF11gdh,0.1237,0.067
PTF10ygr,0.1231,0.006
PTF10ndo,0.0836,0.0066
ASASSN-15qy,0.0341,0.0055
2007mo,0.2269,0.0065
psnj2352+1433,0.0291,0.0049
2005ao,0.0365,0.0031
iPTF15cpy,0.1663,0.0043
1998bp,0.0141,0.0035
2006sc,0.5535,0.0094
2006X,-0.0039,0.0045
PSNJ02263653+1208555,0.0252,0.0035
PTF10rbc,0.0958,0.003
PTF12gyr,0.1036,0.0045
PTF10rab,0.0825,0.0064
OGLE-2014-SN-053,0.1198,0.0046
2020wze,0.1494,0.0003
PTF11dhw,0.1391,0.0088
iPTF15id,0.0459,0.0042
PTF10qtb,0.114,0.0064
2007un,0.2872,0.0075
LSQ12ehh,0.1038,0.0058
SNLS-05D1kl,0.5635,0.0067
2005eu,0.0348,0.0038
2003W,0.0028,0.0058
2003ai,0.0358,0.0018
2021aafa,0.0986,0.0031
PTF12dhb,0.059,0.0043
LSQ13des,0.0652,0.0036
iPTF13ddg,0.0861,0.0063
PTF11ddx,0.1399,0.0051
PTF10aaiw,0.0657,0.005
SNLS-07D3ap,0.4392,0.0025
2001fe,0.0126,0.0018
PTF11quu,0.0961,0.0052
2006ml,0.6368,0.0019
2001ck,0.0401,0.0065
2006mk,0.4789,0.0055
iPTF14atg,0.0271,0.0048
OGLE-2015-SN-030,0.1709,0.0041
PTF11bup,0.0885,0.0028
2007gk,0.0237,0.005
2007qh,0.2529,0.0051
PS1-14md,0.0687,0.0055
PTF10jsb,0.2393,0.0038
2017fbh,0.0238,0.0
2003cg,0.0038,0.0027
PTF10ndw,0.0179,0.0024
LSQ14fnl,0.1272,0.0011
asassn-15ns,0.0402,0.0079
2006gz,0.022,0.0052
PTF12lxp,0.0384,0.0041
PTF10iu,0.1932,0.0053
2004fh,0.2154,0.0026
PTF10hjw,0.0414,0.0033
PTF09dpp,0.1662,0.0027
PTF12keu,0.0771,0.0057
PTF09dhu,0.151,0.0049
PTF10fln,0.0561,0.0072
PTF11gjh,0.0415,0.0036
PTF09ege,0.1402,0.0039
iPTF15zr,0.2046,0.0043
CSS150117-104148-014721,0.1235,0.0063
SNLS-06D3bz,0.7264,0.007
2006js,0.1919,0.005
SNHunt206,0.0279,0.0022
ASASSN-15hf,0.005,0.0016
2004fo,0.5073,0.005
2003S,0.0442,0.0031
2000cw,0.0343,0.0061
LSQ15acf,0.0744,0.0035
2003lh,0.5457,0.0104
2006ak,0.0384,0.007
2001bp,0.0949,0.0045
iPTF15iy,0.1701,0.0077
1996ai,0.005,0.0034
2002cf,0.015,0.003
iPTF15dar,0.1626,0.0018
2022zcl,0.0285,0.0046
SNLS-03D1aw,0.5849,0.0094
PTF10tte,0.2099,0.0042
OGLE16dwy,0.0778,0.0066
PTF12eac,0.0926,0.002
PS15abq,0.0923,0.0042
2018hjw,0.0427,0.0025
1994B,0.0903,0.0059
2020yff,0.0679,0.0026
2006ps,0.1054,0.0038
PSNJ17194328-7721305,0.0088,0.0044
iPTF15aek,0.1296,0.0061
PTF12igw,0.1322,0.0049
2006nd,0.209,0.1777
2006ne,0.0575,0.0064
PTF10nuz,0.1426,0.0041
PTF11bnw,0.1843,0.0043
PTF10qfo,0.0773,0.0019
1994U,0.0033,0.0049
OGLE-2013-SN-039,0.0736,0.0054
PTF12gzt,0.1587,0.0044
ESSENCEm070,0.5334,0.0034
PTF09dib,0.1026,0.0045
2003iz,0.0491,0.0043
2020pc,0.0912,0.0058
CSS131225-030144-092044,0.056,0.0046
2017hki,0.1087,0.0024
PTF11kpn,0.1851,0.0075
CSS131211-084339+161038,0.0732,0.0042
2005hj,0.0597,0.0026
PTF11byi,0.0482,0.0057
2007pf,0.123,0.0011
iPTF15drk,0.0307,0.0033
PTF09awx,0.1406,0.0046
1996by,0.0016,0.0035
2020uoo,0.0311,0.0022
PTF10ran,0.1624,0.0041
asassn-14gh,0.01,0.0043
2005cr,0.0221,0.0062
ASASSN-15cd,0.0366,0.0041
PTF10acgk,0.0985,0.0081
2017cne,0.0366,0.0026
2007sn,0.1438,0.0055
1995E,0.0135,0.0045
2006jq,0.1198,0.0032
ASASSN-15mg,0.0481,0.0048
LSQ12gjc,0.1683,0.0065
PTF10ucg,0.1684,0.0045
2007co,0.0284,0.0056
2005mz,0.018,0.0027
CSS120418-125049+222228,0.0733,0.0042
PTF10rhw,0.135,0.0067
ASASSN-15uu,0.0373,0.0046
2006op,0.0356,0.0025
2008hs,0.0138,0.0016
MASTERJ093953.18+165516.4,0.0494,0.002
2007ir,0.0419,0.0111
PTF09foz,0.0551,0.0047
PS15cej,0.0467,0.0032
2003js,0.552,0.0106
2022dqp,0.05,0.0034
iPTF15wh,0.1431,0.0054
PTF11cmp,0.1156,0.0041
iPTF14igj,0.0862,0.0038
iPTF13byz,0.2196,0.0097
1996bk,0.0069,0.0022
iPTF13byy,0.2365,0.007
LSQ12bzz,0.0633,0.0
LSQ12ftd,0.0978,0.0063
PTF10tqy,0.0433,0.0023
PTF09iag,0.0635,0.0032
PTF10qjq,0.0296,0.0028
PTF10gnj,0.0781,0.0019
iPTF14igh,0.1001,0.0059
ESSENCEk432,0.7089,0.0112
iPTF13edc,0.0634,0.0017
PTF10uic,0.1318,0.0064
CSS120416-091631+075020,0.1197,0.0062
PTF10abtp,0.1598,0.0101
PTF10gqi,0.0487,0.0039
2004fg,0.0302,0.0035
OGLE16dee,0.135,0.0067
1981B,-0.0028,0.0039
MLS140310-111158+053913,0.1054,0.0038
2006mp,0.0327,0.0052
LSQ12hjq,0.1659,0.0068
LSQ13dbn,0.1108,0.0053
PTF11ozd,0.0941,0.0009
2006fl,0.1712,0.0027
OGLE16ddi,0.0678,0.0029
2007ma,0.1236,0.0144
2008Y,0.0725,0.006
PTF10gwc,0.1276,0.0045
ASASSN-15rq,0.0168,0.005
SNLS-07D2be,0.807,0.0
PTF09qn,0.065,0.0055
SNLS-03D4fd,0.7918,0.0066
PTF12dwm,0.0538,0.0017
LSQ12btn,0.0554,0.0055
SNLS-07D1ab,0.3305,0.0023
SNLS-04D1hd,0.3651,0.0011
2003lk,0.6833,0.0054
PTF10xea,0.1892,0.0045
PTF09dsr,0.0706,0.0027
2007re,0.2094,0.0057
PTF11nvm,0.1613,0.0073
2005cf,0.0096,0.0058
1994M,0.0251,0.0053
PTF10ufh,0.1999,0.0041
SDSS-SN-103,0.1038,0.0047
CSS140427-222246+192845,0.0551,0.0028
2003jw,0.3024,0.0062
2021yal,0.0345,0.0033
iPTF15bav,0.055,0.0034
PTF11cao,0.0367,0.0047
2007jt,0.1475,0.0067
iPTF14gnw,0.1774,0.003
2022aeee,0.1036,0.0032
SDSS-SN-084,0.174,0.004
2000E,0.3912,0.0067
PTF10oix,0.2054,0.0058
PTF11mto,0.0984,0.0056
ASASSN-15eb,0.0336,0.008
2006em,0.1925,0.0053
2022onc,0.0869,0.0026
iPTF13daa,0.1312,0.007
iPTF15bai,0.0414,0.0116
PTF10umw,0.0741,0.0052
PTF11fsv,0.1201,0.0083
LSQ12hja,0.1608,0.0057
2006fi,0.234,0.0068
PTF12gmy,0.0992,0.002
CSS131031-095508+064831,0.0791,0.0056
LSQ14foy,0.115,0.006
LSQ14q,0.0669,0.0042
PTF10opq,0.1478,0.0058
PTF12cjg,0.0682,0.0031
2009ag,0.006,0.0045
PTF10gmd,0.055,0.002
LSQ12ege,0.0877,0.0057
PTF10not,0.1278,0.0058
PTF12mqz,0.0726,0.0053
SNLS-06D3fp,0.2655,0.003
2004bj,0.0508,0.0036
2003lq,0.0313,0.0057
2003du,0.0073,0.005
PTF11cey,0.1342,0.008
PTF11tl,0.0737,0.0019
PTF10xua,0.0928,0.0052
SNLS-07D3ae,0.2349,0.0026
PTF10fph,0.1336,0.0042
2006dt,0.0286,0.0026
PTF10oiv,0.0482,0.0034
ps15cku,0.026,0.0037
LSQ12gyc,0.0918,0.0057
2002jd,0.3141,0.0029
SDSS-SN-016,0.1396,0.004
SNF20080825-010,0.0411,0.0039
PTF11jfm,0.0639,0.0039
2000Q,0.0222,0.0026
iPTF13acq,0.1108,0.0079
LSQ12fiq,0.1556,0.0069
2002fk,0.0116,0.004
2004dt,0.006,0.0108
PTF10zgq,0.0408,0.0043
2020acxg,0.1697,0.0019
SNLS-08D2dz,0.6504,0.0068
2006S,0.0315,0.0038
PTF12kjl,0.0756,0.0052
PTF10uck,0.1373,0.0041
SNLS-05D3ci,0.5073,0.003
PTF10hdm,0.164,0.0089
PTF10pcb,0.139,0.0051
SNLS-07D2cb,0.689,0.0077
2007jx,0.1745,0.0076
PTF12zg,0.1177,0.0021
SNLS-05D2le,0.7063,0.0074
ESSENCEp425,0.4639,0.0078
PTF10icb,0.0094,0.003
MLS150210-102122+110418,0.154,0.0024
iPTF15ais,0.0834,0.002
asassn-15mc,0.0172,0.0015
2003ch,0.0319,0.0046
2021X,0.0628,0.0034
PTF12eck,0.1758,0.0041
CSS120418-113531+054254,0.1042,0.0061
2006jr,0.177,0.0023
2018vx,0.0411,0.0031
iPTF15abw,0.176,0.0036
PTF12emv,0.0895,0.0057
2003jy,0.3348,0.0053
LSQ13cnl,0.0609,0.0019
1997ex,0.3605,0.0032
iPTF13ehy,0.1452,0.0049
LSQ13ceq,0.1528,0.0009
SDSS-SN-108,0.0531,0.0
PTF12mnc,0.0976,0.0049
PTF10xya,0.0303,0.0052
PTF11iid,0.0736,0.0035
PTF11elh,0.0905,0.0062
2004gu,0.0009,0.0046
1989B,-0.0013,0.0069
PTF11qri,0.073,0.0056
ASASSN-15us,-0.0078,0.0015
LSQ12bpg,0.077,0.0051
PTF11ctn,0.0808,0.0038
2004eo,0.0165,0.0062
SNF20080909-030,0.0376,0.0039
2000fz,0.0549,0.0021
2001kp,0.07,0.0047
SDSS-SN-006,0.1444,0.0009
PS1-14aly,0.0808,0.0042
2000cn,0.0242,0.0046
2006jt,0.15,0.0023
1999dq,0.0654,0.0686
2021aaqf,0.038,0.0023
2002df,0.0339,0.0064
PTF09gpu,0.0854,0.0062
2007nf,0.226,0.0047
2002jb,0.2652,0.0052
iPTF15cvw,0.1165,0.0
PTF09fpl,0.0978,0.0055
PTF11aif,0.1348,0.0103
2005bo,0.0067,0.007
LSQ12cby,0.0952,0.0062
PTF10yiv,0.1116,0.0057
LSQ12fzr,0.1496,0.0057
PTF10xkb,0.1223,0.0033
SNLS-04D1jg,0.5796,0.0077
2003he,0.0273,0.0045
PTF11bop,0.1116,0.0079
SNHiTS15L,0.1558,0.0139
2002iz,0.4213,0.0037
2006fw,0.001,0.0061
2000fo,0.0238,0.0019
LSQ14hq,0.0808,0.0054
2016aud,0.036,0.0055
LSQ14eek,0.0826,0.0051
2006tt,0.6397,0.0098
2006kt,0.2523,0.0063
2008bq,0.0021,0.0034
PTF10qkv,0.0653,0.0036
PTF09si,0.0425,0.0054
2004at,0.0221,0.0055
PTF10ndi,0.1674,0.0061
iPTF13aro,0.0832,0.0035
2006cq,0.0501,0.0025
2020yyg,0.0678,0.0009
2002G,0.0365,0.0034
PTF11rke,0.0908,0.0038
2006fz,0.1007,0.0065
PTF11rpz,0.0583,0.0076
PTF09pz,0.0934,0.0048
PS15djw,0.0636,0.0021
PTF11blu,0.0731,0.0041
PTF10izy,0.0746,0.0058
2002jg,0.0186,0.0038
PTF10gvl,0.0396,0.0023
SNLS-06D1jz,0.3416,0.0019
LSQ14eds,0.1715,0.0048
PTF10abnr,0.0362,0.0048
PTF10rhi,0.084,0.0035
iPTF15dqz,0.152,0.0057
2005gj,0.9706,0.0051
PSNJ15024996+4847062,0.0249,0.0031
PTF09fqk,0.1247,0.0012
SDSS-SN-060,0.1491,0.0072
LSQ14gac,0.0841,0.004
SNLS-06D1jf,0.6269,0.0047
1999cm,0.0492,0.0052
2006ob,0.0611,0.0052
PTF12mch,0.1216,0.0054
SMTJ10310056-3658262,0.0301,0.0024
ASASSN-15gr,0.0247,0.0046
2019fpq,0.0697,0.0016
LSQ13dqh,0.1042,0.0061
PTF10kzf,0.1192,0.0075
2007qo,0.2174,0.0082
2003de,0.0401,0.0038
LSQ13crf,0.0528,0.0037
PTF10wnm,0.0663,0.0037
1998an,0.0206,0.0037
2001ie,0.0384,0.0054
SDSS-SN-112,0.1403,0.004
PTF10vzt,0.2249,0.0735
SNLS-07D3af,0.3595,0.0059
PTF12fhn,0.1287,0.0072
PTF10ieb,0.126,0.0046
PS1-14nv,0.044,0.0048
PTF11cml,0.1355,0.0042
SNF20080522-011,0.0365,0.0011
2006sq,0.2191,0.0041
PTF10zbn,0.1168,0.0053
SNLS-07D2ag,0.2573,0.0048
2008gp,0.0036,0.0059
2006ef,0.019,0.0029
SDSS-SN-054,0.1223,0.0058
PTF11izs,0.0692,0.0017
SNLS-04D2mj,0.5038,0.0046
2009D,0.0081,0.0101
PTF09csn,0.1149,0.0062
LSQ15so,0.0698,0.0057
LSQ12fli,0.1322,0.0058
PTF12gpd,0.1176,0.0044
SNLS-08D2bj,0.8444,0.0083
ASASSN-15up,0.0374,0.0017
asassn-14lp,0.0068,0.0036
2003jj,0.5904,0.0046
PTF11dtm,0.1125,0.0017
PTF10qwm,0.1051,0.0073
ASASSN-15hz,0.033,0.002
LSQ13ax,0.1661,0.0084
2006gr,0.0236,0.0074
2006bq,0.0211,0.0046
2003ij,0.0151,0.0064
OGLE15lg,0.0744,0.0059
PTF10abjp,0.1215,0.0101
PTF11cyp,0.1667,0.0044
PTF11aff,0.1854,0.0018
ASASSN-15so,0.0056,0.0053
CSS140103-082332+283814,0.1118,0.0062
2007um,0.2971,0.0073
PS1-14ra,0.031,0.005
ESSENCEm027,0.2868,0.0048
2006nw,0.1632,0.0074
PTF12giy,0.0242,0.0023
LSQ14hm,0.0615,0.0041
1998dm,0.0068,0.0045
2008R,0.0116,0.0104
PTF10twd,0.0689,0.002
PTF10jd,0.1302,0.0043
1999N,0.5442,0.0072
2003gt,0.0147,0.0022
2022cvt,0.0713,0.0048
SNLS-07D2fz,0.7294,0.0072
LSQ15bbj,0.0919,0.0099
PTF10zbk,0.0677,0.0056
2003kl,0.3302,0.0036
PTF10cko,0.0656,0.007
PTF10yux,0.0523,0.0077
2002ci,0.0215,0.0024
MLS120429-134155-143539,0.1422,0.0054
2007qg,0.3396,0.0038
PTF11icm,0.086,0.0045
2006cc,0.0281,0.0069
LSQ14bjj,0.0847,0.0051
SNLS-07D3hw,0.7471,0.0064
PTF12fsd,0.0694,0.0019
iPTF15aep,0.3073,0.0063
2007su,0.0306,0.0071
MLS140308-101937+193321,0.0608,0.0036
PTF10yiu,0.1041,0.0058
PTF11jaz,0.1629,0.0063
Gaia14abz,0.0649,0.0059
LSQ14yf,0.1868,0.0043
OGLE-2013-SN-057,0.0944,0.0039
PTF12dcg,0.1231,0.0087
1995ao,0.2397,0.0046
2005bc,0.0135,0.0036
PTF11elc,0.204,0.0044
2001bs,0.0256,0.0052
2007ml,0.186,0.0026
PS1-14wl,0.0357,0.0032
PTF10zai,0.0399,0.001
PTF10wos,0.0871,0.0048
SNLS-04D1oh,0.5926,0.0062
2005eq,0.0381,0.0317
2003ff,0.5247,0.0057
iPTF13ddi,0.1933,0.0059
CSS141021-030330-053334,0.0985,0.006
ASASSN-14ig,0.0353,0.0012
2003gn,0.0357,0.0026
PTF10fyl,0.0578,0.0045
ESSENCEn326,0.2673,0.0037
2007ro,0.1681,0.0064
PTF10aaea,0.1642,0.0039
2007qs,0.2958,0.0048
LSQ14jn,0.0944,0.0014
PSNJ08593491+4555343,0.0282,0.0018
PTF10vi,0.2057,0.0023
PTF10gsp,0.1087,0.0049
2007fb,0.019,0.0032
PTF09dyp,0.151,0.0103
PTF10acnz,0.0612,0.007
SNLS-04D4im,0.7537,0.0078
PTF11aki,0.1259,0.0073
LSQ14gde,0.0574,0.0052
PTF10gmh,0.1062,0.0039
2020enm,0.0209,0.0033
SNLS-07D4fl,0.4866,0.0069
iPTF15bjb,0.178,0.0036
LSQ14fom,0.0551,0.0038
PTF10acqu,0.1951,0.006
2007qj,0.1739,0.0039
2004L,0.037,0.0055
ASASSN-13ch,0.0201,0.0029
PTF10xjm,0.1584,0.0062
iPTF15li,0.1388,0.0044
PTF10gop,0.1041,0.0059
1991M,0.0028,0.0045
2007ih,0.1789,0.0052
PTF10qny,0.0362,0.0066
PTF11cji,0.0901,0.0021
LSQ13deq,0.1015,0.0041
2007bz,0.0199,0.0035
2013U,0.0335,0.0035
2005dh,0.0182,0.0023
PTF10vnu,0.0468,0.0031
PTF11gjb,0.1312,0.0053
2005ky,0.1419,0.008
LSQ13l,0.1018,0.0004
LSQ14gie,0.0742,0.0032
LSQ13dj,0.1742,0.0013
ASASSN-15nq,0.0314,0.0043
2009bg,0.1189,0.0065
PTF10wri,0.1229,0.006
2021at,0.1118,0.0031
2004ey,0.0099,0.0069
2004hk,0.2705,0.0
2006fm,0.1271,0.0045
PTF12eab,0.1538,0.0058
LSQ13bpc,0.0553,0.0044
PTF09bai,0.1765,0.0026
PTF12bsa,0.0963,0.0036
SNLS-06D3gx,0.7818,0.0039
2006jp,0.1605,0.0028
2002js,0.546,0.0065
PTF12gtf,0.065,0.0046
2006qc,0.1908,0.0047
2006dm,0.0202,0.0045
2009F,0.0004,0.0048
SNLS-07D3ea,0.4672,0.0018
SKY_J4043173-6350154,0.0914,0.0048
2000fy,0.1205,0.0044
2002er,0.007,0.0049
SNLS-05D4dt,0.4137,0.0081
PTF11dsn,0.1657,0.0054
iPTF15dqv,0.0811,0.0032
2007ne,0.2061,0.0013
PTF11hzx,0.2665,0.0035
LSQ12fch,0.1697,0.0059
2002dj,-0.0008,0.0056
OGLE16fml,0.1123,0.0062
2001cp,0.0212,0.0029
2006tk,0.3159,0.0069
LSQ12gln,0.1001,0.0047
ASASSN-15az,0.0308,0.0038
LSQ14gfb,0.0529,0.0041
1998ec,0.0157,0.0031
PTF12kxv,0.1401,0.0059
2007uq,0.2229,0.0
SNLS-04D2kr,0.7451,0.0055
LSQ14eef,0.063,0.0053
PTF09dyc,0.0645,0.0047
OGLE16fnh,0.0589,0.0021
SNLS-05D3cq,0.8946,0.0
2008bz,0.0612,0.0037
PTF11gnj,0.1353,0.0037
PTF12grm,0.1197,0.0051
2019pjv,0.0112,0.0006
LSQ14bka,0.0692,0.0039
PTF09awd,0.1523,0.0063
2003ik,0.0257,0.0026
PTF10elk,0.065,0.0018
PTF10acdd,0.1636,0.0052
PTF09ddw,0.1178,0.0037
2008fp,0.0009,0.0031
PTF10fxp,0.1062,0.0037
PTF09epz,0.1718,0.0043
PTF09dhx,0.0891,0.0047
asassn-15ub,0.034,0.0037
SNLS-06D1eb,0.6973,0.0078
2006sm,0.6295,0.0098
2016enx,0.0698,0.0005
2003bi,0.0958,0.0026
PTF12jid,0.1172,0.007
2002bz,0.0388,0.0028
PTF10qyq,0.1616,0.004
LSQ14ahc,0.0459,0.0047
PTF10abwy,0.0779,0.0028
PTF11gcb,0.1861,0.0032
iPTF13ai,0.0485,0.0044
ESSENCEq002,0.0915,0.0033
PTF11khk,0.0406,0.0078
LSQ14edl,0.1171,0.003
2002db,0.0342,0.0026
1986G,0.0274,0.0502
2007sw,0.0218,0.0059
2007cq,0.0281,0.0046
2008ec,0.0174,0.0018
ESSENCEm193,0.3353,0.007
2002dk,0.0181,0.0069
CSS140925-011731+054106,0.142,0.0034
1998bu,0.0039,0.0024
2006jn,0.2251,0.005
1994ae,0.0041,0.0008
LSQ15aja,0.0746,0.004
PTF09dzu,0.1374,0.0072
1998dx,0.0573,0.0047
2003Y,0.0182,0.0018
PTF11cyv,0.1185,0.0055
PTF10abws,0.129,0.0039
2007hu,0.0362,0.0038
LSQ12bxv,0.1005,0.0055
PTF10jxf,0.1582,0.0074
CSS140309-103126-155700,0.0726,0.0043
PTF10yyk,0.1879,0.008
iPTF14fyq,0.0651,0.0035
2007tg,0.5058,0.005
PTF11ksk,0.1098,0.0041
PTF10gmj,0.0853,0.0063
2020ac,0.0736,0.003
1937D,-0.0027,0.0
2006fy,0.0862,0.005
SNLS-05D2ah,0.1842,0.0025
PTF11cdo,0.1486,0.0016
iPTF15ic,0.1809,0.0039
LSQ14eey,0.0953,0.0063
iPTF15wk,0.2141,0.0071
SNF20071021-000,0.0291,0.0049
PTF09bam,0.149,0.0059
PTF10ygh,0.152,0.0062
PTF10jqz,0.1256,0.006
2004fk,0.3096,0.0061
2012ff,0.1088,0.0022
PTF10jab,0.1875,0.0033
PTF12czu,0.152,0.0064
OGLE16bqx,0.1149,0.0064
2007jd,0.0667,0.0036
2003kg,0.0256,0.007
1996bj,0.5743,0.0061
PTF10pdh,0.1398,0.0062
LSQ12byi,0.1094,0.0067
SNLS-05D3ax,0.6465,0.0074
2004hn,0.5816,0.0051
PTF11dws,0.1463,0.005
PTF10iuf,0.3224,0.0098
LSQ13csm,0.1121,0.0027
2004ef,0.0231,0.0161
2004ap,0.0142,0.0051
2001ay,0.0259,0.0125
LSQ13dlp,0.0879,0.0049
2006fj,0.1714,0.0032
PTF10vfo,0.0882,0.0043
2007qe,0.0147,0.0063
PTF12gkn,0.0788,0.003
2007le,-0.0011,0.0062
LSQ12bxw,0.1046,0.0058
SNLS-07D3cu,0.5112,0.0059
OGLE-2013-SN-041,0.1019,0.0057
PTF10mtd,0.0786,0.0049
PTF12gmq,0.1019,0.0016
2006et,0.0266,0.0063
PTF10gpm,0.1287,0.0052
iPTF15cqn,0.1689,0.0033
1999fh,0.375,0.0098
ASASSN-15aj,0.0173,0.0051
PTF10ozy,0.0494,0.004
PTF10kiw,0.0722,0.0082
2020yii,0.066,0.0036
LSQ13diw,0.0559,0.0027
2007rl,0.3383,0.0058
PTF10wpx,0.1436,0.0025
PTF12jgb,0.0329,0.0032
2002ef,0.0265,0.0054
PTF11lm,0.0577,0.0064
1996X,0.008,0.0033
iPTF15bwu,0.1704,0.0039
LSQ14bdg,0.076,0.0035
PTF10jdw,0.0783,0.0024
iPTF13dkl,0.0408,0.0047
PTF10ndn,0.0964,0.0087
PTF11rmb,0.0573,0.0024
2008bc,-0.0027,0.0048
SNLS-05D3ne,0.1706,0.0045
PTF10xku,0.221,0.0067
OGLE-2014-SN-139,0.0646,0.0045
2004br,0.0238,0.0062
2007ix,0.2118,0.0063
2007S,0.0105,0.0071
2003kf,0.0039,0.0031
PTF12sz,0.1121,0.0043
PTF11gjn,0.247,0.0032
SDSS-SN-047,0.1496,0.0075
2005ms,0.0223,0.0021
LSQ13cmt,0.0546,0.0043
iPTF15acs,0.1428,0.0055
SNLS-07D1cc,0.8504,0.0028
PTF11deg,0.0638,0.0039
PTF10bjs,0.0231,0.0069
PTF10uch,0.1329,0.0052
PTF09fvl,0.1334,0.0072
2002aw,0.0295,0.0034
LSQ13dbe,0.135,0.0014
PTF10wnq,0.0684,0.001
2009aa,0.0034,0.0032
PTF10ndc,0.0789,0.0035
OGLE-2014-SN-179,0.0739,0.0057
PTF11qpc,0.0907,0.005
iPTF15daa,0.1693,0.0031
LSQ14fmc,0.1846,0.0066
PTF09epo,0.015,0.0045
2007ra,0.0914,0.0063
2001fh,0.0165,0.0051
PTF11kod,0.1886,0.0055
2009ad,0.0699,0.0691
2007ue,0.6614,0.0011
2009be,0.1567,0.0057
2022ans,0.0741,0.0021
2007A,0.0153,0.006
1997by,0.0465,0.0022
SNLS-04D3ez,0.2639,0.0068
SNF20080514-002,0.0241,0.0037
PTF10qnn,0.0894,0.0048
PTF10nhu,0.1559,0.0042
SDSS-SN-078,0.165,0.0022
LSQ14gch,0.1596,0.0058
CSS130401-125031+090817,0.0821,0.0031
SNLS-07D4cy,0.2647,0.0095
PTF11cxs,0.1197,0.0019
PTF12lwj,0.1375,0.0016
PTF10hld,0.0314,0.0041
OGLE16exz,0.0544,0.0039
2004cj,0.1056,0.0051
2007ls,0.2507,0.0045
SNLS-08D3hh,0.4425,0.0014
PTF11pfx,0.1053,0.0066
iPTF15nu,0.124,0.0054
PTF10uff,0.1985,0.0073
2009bf,0.057,0.001
iPTF15bii,0.1364,0.0052
PSN 1347-2422,0.0221,0.0035
PTF12fjx,0.0506,0.0046
PTF11mpa,0.0293,0.0012
LSQ13bic,0.078,0.0066
PTF10rpt,0.1075,0.0
2004fz,0.0185,0.0018
PTF10trt,0.2075,0.007
2007hj,0.0163,0.0083
2006tx,0.0648,0.0
PTF10ulk,0.183,0.0033
PTF09pr,0.0384,0.0083
CSS140609-173103+203632,0.0557,0.0047
PTF12izc,0.0775,0.0045
SDSS-SN-111,0.1094,0.0026
2004cl,0.1209,0.0058
2008cl,0.0657,0.0048
2002eu,0.041,0.005
PTF10zdq,0.1677,0.004
asassn-15sf,0.0279,0.002
1997do,-0.0022,0.0057
PTF10nlp,0.1781,0.0021
PTF11jlf,0.209,0.0047
OGLE16euo,0.0714,0.0056
LSQ14fnx,0.0728,0.0044
PTF10oth,0.1481,0.0036
PTF11qmo,0.058,0.0041
PTF10abkt,0.0293,0.0091
LSQ14dxo,0.0844,0.0041
PS15cze,0.0444,0.0048
PTF10hdv,0.053,0.0037
PTF12jsi,0.0791,0.0046
2005iq,0.0319,0.0027
2018agj,0.0452,0.001
PTF10yrn,0.0998,0.005
PTF10gwe,0.0789,0.0045
2022acub,0.0824,0.0032
PTF12kwi,0.1069,0.0024
iPTF15afx,0.107,0.0027
1999gp,0.0242,0.0039
LSQ14fin,0.1197,0.0035
LSQ15jn,0.1,0.0051
2003fk,0.3526,0.0052
1997bq,-0.0037,0.0039
2003ag,0.0211,0.0027
OGLE-2013-SN-148,0.0472,0.004
2003F,0.0199,0.0019
OGLE-2013-SN-141,0.0575,0.0056
2022aeef,0.084,0.0021
OGLE-2013-SN-040,0.0935,0.0046
2021zjv,0.0528,0.0
2005bl,0.0228,0.0077
PTF10ucj,0.1115,0.005
PTF10wof,0.0487,0.0056
PTF12igp,0.1685,0.0055
PTF12dxm,0.0637,0.0032
2007qy,0.2269,0.0015
2001bg,0.0094,0.0047
PTF11jpv,0.1687,0.0014
2006qj,0.1123,0.0073
ESSENCEn322,0.7498,0.0024
2006bz,0.0288,0.0063
iPTF15bvx,0.1743,0.0116
2003ez,0.0509,0.0035
2008hj,0.0371,0.0065
Gaia15aaq,0.0658,0.0037
2006os,-0.0008,0.0043
PTF10jtp,0.0682,0.0017
2007rs,0.7914,0.0035
PTF11kpb,0.1474,0.0042
PTF11apq,0.0752,0.003
2001eh,0.0381,0.0043
2021abcn,0.0894,0.0
2002hw,0.0183,0.0039
2002he,0.0232,0.0051
2007gi,-0.0059,0.0032
ESSENCEn368,0.3429,0.0052
LSQ14edn,0.1096,0.0012
iPTF14gdr,0.0712,0.0034
LSQ14aym,0.051,0.0032
PTF10fxq,0.1077,0.0019
2019bus,0.0802,0.0016
PTF11kml,0.0825,0.0031
2007ka,0.2213,0.0011
PTF09gul,0.0736,0.007
LSQ15bi,0.0401,0.002
PTF11aig,0.197,0.0038
2006hx,-0.0002,0.0025
2019gf,0.0616,0.0007
PTF12dyv,0.1209,0.0043
2019nzx,0.0605,0.0028
PTF11rnq,0.1504,0.0051
SDSS-SN-037,0.1342,0.0048
2006jh,0.1372,0.005
1997Y,0.0187,0.0036
2003hv,0.0121,0.0057
LSQ15uc,0.1083,0.0067
2020adph,0.074,0.0031
PTF09gvo,0.1387,0.0037
PTF11bui,0.0186,0.0044
2003cq,0.0366,0.0049
LSQ12hle,0.1055,0.0047
2001gb,0.0297,0.0054
2007ba,0.035,0.0158
2022ncx,0.0581,0.0037
2019umc,0.0326,0.0042
SNLS-06D1fd,0.3544,0.0041
2006or,0.0279,0.005
PTF12ldz,0.0647,0.002
SNLS-05D4dx,0.8255,0.0073
PTF10qjl,0.0578,0.0051
iPTF15jq,0.0665,0.005
2004hj,0.3483,0.0049
CSS140501-170414+174839,0.0782,0.0052
PTF11cmg,0.1004,0.0037
PTF10cmj,0.118,0.008
2005A,0.0147,0.0074
1996Z,0.0038,0.003
SNLS-08D3gu,0.7895,0.0039
asassn-15mp,0.0434,0.0078
SNLS-03D4cn,0.8338,0.006
2004gs,0.0239,0.0118
PTF12gqy,0.1002,0.0025
PTF10xsk,0.1114,0.0035
PTF10acdh,0.0691,0.0024
ESSENCEp454,0.6841,0.0087
SNLS-07D1bl,0.6366,0.0024
2006ej,0.0157,0.0023
2007is,0.0299,0.0047
OGLE15kk,0.0806,0.0047
LSQ12brx,0.0596,0.0055
PSNJ21312375+4336312,0.0226,0.0028
PTF11cve,0.1266,0.0059
PTF11daj,0.11,0.0063
2008C,0.0031,0.0041
PTF11ri,0.1428,0.0058
PTF10fe,0.1864,0.0042
PTF11bqc,0.0722,0.0029
PTF11gin,0.1604,0.0026
LSQ15bo,0.0511,0.0056
2002gc,0.031,0.006
1998aq,0.0052,0.0029
2000al,0.191,0.0064
2006al,0.0697,0.0049
PTF11gjo,0.221,0.0057
CSS140424-123226+154840,0.1684,0.0062
PTF10hmd,0.1738,0.006
2007lm,0.2193,0.0061
asassn-15lu,0.0377,0.0049
SNLS-07D2ah,0.7592,0.0083
LSQ14baz,0.068,0.0029
PTF12vr,0.1364,0.0025
PTF09djc,0.0323,0.0065
2007tf,0.4101,0.0055
2002iu,0.1164,0.0041
PTF10nc,0.1119,0.0064
PTF11qrv,0.0828,0.0038
PTF10feg,0.1153,0.007
1992A,0.004,0.0063
PTF12dgy,0.1814,0.0013
2007je,0.1636,0.0047
SNLS-04D3cp,0.4404,0.0074
2005bg,0.0014,0.0016
OGLE-2012-SN-051,0.1137,0.0068
LSQ13dqu,0.1147,0.0056
2002cu,0.0161,0.0061
2007kk,0.0361,0.0042
LSQ14zz,0.0462,0.0029
CSS151109-032647-163538,0.1314,0.003
psnj0252+4656,0.0291,0.001
2001br,0.0198,0.0049
PTF12ta,0.1596,0.0045
iPTF15dnt,0.0383,0.0055
2002fb,0.0163,0.0038
LSQ12bxp,0.1135,0.006
2006oa,0.0846,0.0487
LSQ12gpw,0.0602,0.0056
ZTF19acyihlk,0.0698,0.0046
LSQ13cmf,0.0663,0.0033
PTF11alg,0.2959,0.0016
PTF10one,0.1007,0.0052
PTF10hne,0.0905,0.006
PTF10abjm,0.044,0.0043
2007on,0.0212,0.0484
SNLS-06D1bo,0.6144,0.0047
2002ar,0.0319,0.005
2007qp,0.2673,0.004
LSQ13cms,0.1247,0.0025
2007ux,0.0215,0.0151
ASASSN-15tt,0.0335,0.005
2003it,0.0259,0.0038
PTF11opu,0.0713,0.0068
1995ap,0.3127,0.0076
PTF11kjr,0.0474,0.0102
2002cs,0.0068,0.0056
iPTF14fyx,0.1344,0.0068
PTF11qzq,0.0596,0.0051
2019gwg,0.0535,0.0
2021ekf,0.1539,0.0015
PTF09atw,0.0518,0.0042
PTF10rlq,0.1003,0.003
LSQ16ab,0.0727,0.0057
PTF10lee,0.1279,0.0085
2003U,0.0274,0.0039
PTF10zau,0.075,0.0044
PTF10wlw,0.0351,0.0024
2006gj,0.023,0.0142
2016gcl,0.0166,0.0017
SNLS-05D4av,0.5023,0.0069
PS16dpm,0.1254,0.0083
2002cd,-0.0024,0.005
PTF12ccz,0.0508,0.0044
PTF11fjw,0.1941,0.0046
2003lf,0.4078,0.003
iPTF15czu,0.1757,0.0035
LSQ13cjy,0.075,0.0092
PTF10rbp,0.08,0.0058
SDSS-SN-015,0.1284,0.0015
2006bt,0.0346,0.0059
LSQ14gcs,0.1631,0.0054
LSQ14ba,0.0758,0.0044
1995ac,0.196,0.0083
1999cp,0.0083,0.0058
LSQ13dbx,0.0815,0.0036
PTF10hei,0.1001,0.0053
PTF12gvd,0.1275,0.004
2020oyd,0.0713,0.0
2009Y,-0.0049,0.0042
OGLE-2013-SN-073,0.0997,0.0077
LSQ15fg,0.1002,0.0066
ASASSN-14kq,0.0369,0.0042
1989M,0.0038,0.0051
PTF10hky,0.1242,0.0032
2006cp,0.0114,0.0056
PTF10accd,0.0382,0.0086
2006dy,0.0102,0.0028
PTF10jwx,0.0698,0.0046
2001ic,0.5277,0.0049
2001gc,0.0063,0.0063
PTF12jgl,0.091,0.0097
2005ku,-0.0039,0.0036
PS1-13eao,0.0398,0.0052
PTF10ivt,0.1414,0.0038
2001de,0.0396,0.0051
ASASSN-15ic,0.0339,0.0066
PTF10yxj,0.1477,0.0049
iPTF15cpp,0.0615,0.0054
2007O,0.0436,0.0049
SNLS-06D3cn,0.2282,0.0035
2007rq,0.2569,0.0064
LSQ15y,0.0709,0.0026
LSQ14efh,0.13,0.0035
PTF11lih,0.0736,0.0042
2008hu,0.0474,0.0028
SNLS-03D1dj,0.3964,0.0043
PTF10jh,0.0442,0.0046
OGLE-2014-SN-058,0.1555,0.0049
PTF10zgo,0.0545,0.0042
LSQ14gov,0.0914,0.0069
2006dw,0.0277,0.0038
LSQ14ip,0.0518,0.0045
2001ah,0.2026,0.0055
2005M,0.0247,0.0105
2007N,0.0182,0.0091
PTF11pg,0.0289,0.0058
PTF11aii,0.1216,0.0028
LSQ15bon,0.0606,0.0026
SNHiTS15J,0.114,0.0062
SNLS-05D1if,0.7693,0.009
SNLS-05D2mp,0.3428,0.0059
2008hr,0.0843,0.0035
PS15abb,0.1112,0.0026
iPTF15abz,0.1116,0.0049
2004bv,0.1513,0.0055
1999gm,0.0494,0.0059
2008cf,0.0461,0.0016
PTF10nlg,0.0542,0.0066
PTF12art,0.0566,0.0041
iPTF13dkj,0.0317,0.0068
1996ab,0.1247,0.0012
PTF10qku,0.1208,0.0043
SNLS-06D1du,0.2371,0.0022
SNLS-06D2iz,0.1377,0.0037
PSNJ13471211-2422171,0.0151,0.0051
PTF12mfg,0.0901,0.003
2003hs,0.051,0.0051
PTF10glo,0.0795,0.0055
iPTF15cqe,0.1837,0.0026
PTF11bas,0.0759,0.007
2009av,0.0569,0.0017
LSQ15st,0.0666,0.0
1998ef,0.0135,0.0043
OGLE-2013-SN-156,0.142,0.0064
OGLE-2014-SN-153,0.086,0.0036
PTF12dhv,0.1409,0.0077
PTF11gpb,0.1522,0.0049
PSNJ12533306+2742517,0.0926,0.0043
PTF11czq,0.0585,0.004
2007al,0.0125,0.0064
ASASSN-15al,0.0314,0.0014
1999M,0.4917,0.0084
PTF11ogy,0.0998,0.0029
2007ql,0.2233,0.0021
LSQ13cki,0.1145,0.0044
SNLS-04D4ic,0.6847,0.0067
PTF11eid,0.2054,0.0015
PTF10oum,0.1128,0.0052
LSQ14eeu,0.1636,0.0034
2021aazx,0.0886,0.0
2005hf,0.0485,0.0053
PTF10xxw,0.1381,0.0023
PTF10gsx,0.2956,0.0032
2003ek,0.0366,0.0047
ESSENCEm138,0.5786,0.0071
2003lm,0.4117,0.0033
PTF12dhl,0.0604,0.0034
2004hq,0.6706,0.0057
PTF09fqn,0.1536,0.005
PTF10zak,0.0441,0.005
ESSENCEn278,0.3082,0.005
LSQ13beu,0.0689,0.0009
iPTF13dad,0.0866,0.0041
2021kzx,0.0827,0.0032
PTF11apk,0.0364,0.0042
2008dr,0.0368,0.0057
CSS150124-114309+192629,0.0602,0.0039
2005el,0.0134,0.0069
2006kf,0.0131,0.0115
LSQ14vu,0.1378,0.0068
LSQ12cbo,0.1286,0.0058
2007px,0.1087,0.0054
2002hu,0.0398,0.0031
2002ck,0.0341,0.004
LSQ13byn,0.1002,0.003
PTF12ibh,0.1045,0.0035
2007ax,0.0057,0.0097
2002kf,0.021,0.0052
2006eq,0.049,0.0022
SNLS-07D3dj,0.4502,0.0061
1999ej,0.0194,0.0048
2017hxo,0.0594,0.0011
SNLS-03D4cj,0.4478,0.0046
iPTF15bgx,0.031,0.0043
PTF10ddv,0.1176,0.0024
1998V,0.0184,0.0026
PTF11kqv,0.1028,0.0021
CSS160129-074030+105600,0.0655,0.0026
2001G,0.0136,0.0018
PTF10duz,0.0606,0.001
PTF10xtu,0.1073,0.0049
PTF10vh,0.0741,0.0085
PTF12ebv,0.133,0.0044
LSQ15ci,0.0604,0.0034
PTF09gxh,0.1476,0.0037
2005mc,0.0225,0.0039
2007cg,0.0329,0.0042
OGLE-2014-SN-016,0.0721,0.0038
2000cp,0.0387,0.005
PTF11gcd,0.1567,0.0062
1999ee,0.0004,0.0063
2003fa,0.143,0.0609
PTF10acdc,0.1327,0.0052
PTF10got,0.0807,0.0064
ASASSN-14jc,0.0125,0.0037
PTF10gkl,0.1287,0.0052
PTF10abou,0.1365,0.0049
LSQ14bx,0.174,0.004
iPTF13dud,0.0523,0.0047
Gaia15agj,0.0401,0.0007
SNLS-06D3ed,0.4102,0.0058
1999gd,0.0233,0.0047
2007mk,0.1783,0.0071
PTF10yer,0.0543,0.0049
ASASSN-14lw,0.0147,0.0
2002do,0.0185,0.0025
